Protein Name;Peptide Sequence;Peptide Modified Sequence Unimod Ids;Precursor Mz;Precursor Charge;Missed Cleavages;Eco_1_A Total Area;Eco_1_A Average Mass Error PPM;Eco_1_A Library Dot Product;Eco_1_A Detection Q Value;Eco_2_A Total Area;Eco_2_A Average Mass Error PPM;Eco_2_A Library Dot Product;Eco_2_A Detection Q Value;Eco_10_A Total Area;Eco_10_A Average Mass Error PPM;Eco_10_A Library Dot Product;Eco_10_A Detection Q Value;Eco_20_A Total Area;Eco_20_A Average Mass Error PPM;Eco_20_A Library Dot Product;Eco_20_A Detection Q Value;Eco_100_A Total Area;Eco_100_A Average Mass Error PPM;Eco_100_A Library Dot Product;Eco_100_A Detection Q Value
Biognosys standards;GAGSSEPVTGLDAK;GAGSSEPVTGLDAK;644,822606;2;0;2550642944;-1,1;0,9681;0,0045;3774078208;-1,6;0,9671;0,0066;3203932160;-2;0,9698;0,0040;2912018944;-1,8;0,9667;0,0035;2282703616;-2;0,966;0,0014
Biognosys standards;VEATFGVDESNAK;VEATFGVDESNAK;683,827888;2;0;933527424;-1,8;0,8534;0,0023;1306943488;-2,2;0,8488;0,0017;1173436032;-2,1;0,8553;0,0004;1036872640;-2;0,8528;0,0004;866538240;-2;0,8485;0,0005
Biognosys standards;YILAGVENSK;YILAGVENSK;547,298038;2;0;1761449728;-1,7;0,8696;0,0101;2199400448;-2,1;0,8633;0,0080;2074478336;-2;0,8681;0,0030;1730220288;-1,9;0,8673;0,0024;1590734720;-1,7;0,8647;0,0034
Biognosys standards;TPVISGGPYEYR;TPVISGGPYEYR;669,838059;2;0;4929335296;-1,3;0,9889;0,0034;6040923648;-1,3;0,9883;0,0039;4805375488;-1,8;0,9887;0,0036;4306980352;-1,7;0,9884;0,0037;4324581376;-1,4;0,9853;0,0012
Biognosys standards;TPVITGAPYEYR;TPVITGAPYEYR;683,853709;2;0;4249836288;-1,7;0,9711;0,0000;7049735680;-1,6;0,9703;0,0001;5374657024;-2,2;0,9696;0,0000;5365338624;-1,9;0,9689;0,0001;4448722432;-1,8;0,9696;0,0000
Biognosys standards;DGLDAASYYAPVR;DGLDAASYYAPVR;699,338423;2;0;10295778304;-1,5;0,9568;0,0070;11241619456;-1,8;0,9571;0,0071;8660436992;-2,2;0,9555;0,0063;7536577024;-2,1;0,9567;0,0065;7482578944;-1,8;0,9563;0,0017
Biognosys standards;ADVTPADFSEWSK;ADVTPADFSEWSK;726,835713;2;0;2283760640;-1,9;0,9145;0,0015;2300223488;-1,8;0,9156;0,0007;1831817216;-2,4;0,9102;0,0002;1877141504;-2,1;0,9176;0,0001;1410750720;-1,6;0,9147;0,0000
Biognosys standards;GTFIIDPGGVIR;GTFIIDPGGVIR;622,853512;2;0;2252815872;-1,5;0,9737;0,0000;2579163648;-1,5;0,9738;0,0000;2160195328;-2,1;0,9726;0,0000;1863402496;-1,7;0,9745;0,0000;1618064640;-1,6;0,973;0,0007
Biognosys standards;GTFIIDPAAVIR;GTFIIDPAAVIR;636,869162;2;0;6017674752;-1,5;0,9597;0,0007;6732313600;-1,6;0,9589;0,0004;5790410240;-2,2;0,9578;0,0003;4788401664;-1,9;0,9591;0,0004;4142875392;-1,5;0,9544;0,0005
Biognosys standards;LFLQFGAQGSPFLK;LFLQFGAQGSPFLK;776,929751;2;0;2953143808;-1,9;0,9574;0,0354;2827001600;-1,7;0,9587;0,0391;2380749568;-2,2;0,9581;0,0365;1711047936;-2,1;0,9566;0,0446;1395836672;-1,6;0,9549;0,0528
Signature;AAAENIIPNSTGAAK;AAAENIIPNSTGAAK;714,37808;2;0;292120;-3,5;0,4416;0,2226;2663945;-33,5;0,3128;0,2905;1994927;-10,8;0,3712;0,1961;4300877;-8,6;0,3745;0,1541;2306087;-13,8;0,577;0,1194
Signature;AAASIVVVDAR;AAASIVVVDAR;536,31148;2;0;1939832;-1,3;0,9141;0,0325;1209666;-11,9;0,724;0,1140;1810094;-4,3;0,8411;0,0780;2060701;-7,8;0,8107;0,0769;6803227;-21,2;0,6685;0,0735
Signature;AGAVNIVPNSTGAAK;AGAVNIVPNSTGAAK;685,37534;2;0;32054128;2,6;0,5504;0,0468;12565804;1,8;0,5926;0,1593;32787510;2,5;0,5723;0,0464;11099678;1,7;0,5711;0,1351;11707168;1,6;0,5988;0,0626
Signature;AGGDAPDQTTSIVR;AGGDAPDQTTSIVR;694,344237;2;0;33343092;-28,5;0,2041;0,1466;21700062;-28,8;0,2041;0,1873;19108996;-28,8;0,2041;0,1931;437573;-22,5;0,6124;0,2463;18745878;-28,2;0,2068;0,2315
Signature;AIVAATESGSTAR;AIVAATESGSTAR;617,325316;2;0;167041;11;0,3521;0,2761;3402494;11,9;0,3186;0,3324;303614;21,8;0,252;0,3822;209202;8,6;0,3934;0,2342;3524917;22,4;0,252;0,2537
Signature;ALELIGVGYR;ALELIGVGYR;545,816398;2;0;4718582;11,8;0,7131;0,0685;1279375;12,2;0,7041;0,0823;7222837;16,3;0,7474;0,0307;1869283;11,3;0,6441;0,1017;1168834;10,8;0,6135;0,1519
Signature;ALLDFFLSR;ALLDFFLSR;541,305666;2;0;9004248;-2,2;0,923;0,0049;9938175;-2;0,9255;0,0046;73936824;-2,6;0,9258;0,0006;96059152;-2,3;0,9257;0,0004;636833536;-1,8;0,9286;0,0043
Signature;APVVVPAGVDVK;APVVVPAGVDVK;575,845156;2;0;23664322;-1,4;0,8538;0,0204;11711592;-0,8;0,857;0,0423;311179456;-1,5;0,8582;0,0020;113097472;-3,1;0,8621;0,0065;553920896;-1,1;0,8566;0,0004
Signature;AQSVVDYLVSK;AQSVVDYLVSK;604,829703;2;0;967390;-13,7;0,3901;0,2344;2158153;-21;0,3963;0,1955;750774;-16;0,477;0,2213;2094900;-18,4;0,389;0,2081;1313750;-11,6;0,5098;0,1844
Signature;AQYVLAEQVTR;AQYVLAEQVTR;639,346051;2;0;3315837;3,5;0,9311;0,0104;4512750;3,2;0,9486;0,0062;49850340;-2,4;0,9665;0,0004;71232432;-1;0,9724;0,0007;280010016;1,9;0,9334;0,0006
Signature;AYGSTNPINVVR;AYGSTNPINVVR;645,843676;2;0;48218896;-1,7;0,9682;0,0004;51526904;-1,8;0,9637;0,0004;398340896;-2,2;0,9658;0,0000;360790368;-1,9;0,9688;0,0000;1888171904;-1,7;0,9657;0,0000
Signature;DGFVDGWAQAGTAR;DGFVDGWAQAGTAR;725,839122;2;0;3560587;31,9;0,5435;0,1237;1081113;26;0,568;0,2761;380454;12,9;0,3923;0,2945;1020510;30,3;0,612;0,1641;2491101;7,9;0,3341;0,2158
Signature;DGYADGWAQAGTAR;DGYADGWAQAGTAR;719,820929;2;0;32612836;-1,6;0,9332;0,0009;32110076;-1,8;0,9307;0,0009;330053088;-2;0,9326;0,0001;434898240;-2;0,9333;0,0003;1025960960;-1,5;0,9355;0,0080
Signature;EFIPAVEK;EFIPAVEK;466,758018;2;0;2168277;15,3;0,4918;0,2026;2461039;14,6;0,4743;0,1873;1526213;-13,2;0,5434;0,1163;4227138;-9,8;0,6282;0,1337;16760682;-11,5;0,5928;0,0326
Signature;ESQSTTGIGEGIAIPHAK;ESQSTTGIGEGIAIPHAK;599,311007;3;0;5139343;-21;0,5475;0,2413;5053417;-23,1;0,5182;0,1375;3713570;-20;0,5338;0,2033;7129692;-21,1;0,5009;0,1619;4061356;-19,5;0,5263;0,1535
Signature;EVPVDVQPEVR;EVPVDVQPEVR;633,838059;2;0;1029240;-7,3;0,4183;0,2971;293999;8,9;0,6209;0,2409;806537;31,2;0,4438;0,2850;210199;5;0,5149;0,2756;6573746;4,2;0,3458;0,1593
Signature;FAEAGSFDYGR;FAEAGSFDYGR;610,272552;2;0;26525026;-8,1;0,4267;0,0616;8468370;-4,4;0,519;0,0513;27930750;-9,9;0,4918;0,0138;7950406;-7,6;0,5039;0,0893;9990747;-4,2;0,4172;0,0865
Signature;FGGESVLAGSIIVR;FGGESVLAGSIIVR;702,895908;2;0;16501602;-2;0,9624;0,0015;24692952;-2,1;0,9643;0,0009;160788784;-2,5;0,9644;0,0002;393162336;-2,2;0,9622;0,0019;1428520704;-1,9;0,9647;0,0120
Signature;FIHHYNFPQFSVGSTGR;FIHHYNFPQFSVGSTGR;665,327103;3;0;12338586;-2,4;0,4059;0,0807;11204417;-3,3;0,4335;0,1335;7346877;-3,6;0,4436;0,1258;14233882;-2,7;0,3909;0,1141;13269341;-3,3;0,3869;0,1058
Signature;FQAATGQLEQTAR;FQAATGQLEQTAR;710,862597;2;0;892647;-4,1;0,7012;0,1298;405588;41;0,48;0,2995;1179065;-4,4;0,7565;0,0633;495962;-5,6;0,6995;0,2274;637576;44,8;0,4401;0,2645
Signature;GATVLPHGTGR;GATVLPHGTGR;533,293622;2;0;22722976;-1,4;0,9178;0,0007;41002896;-1,9;0,912;0,0004;315793312;-1,9;0,9124;0,0000;506792704;-1,9;0,9112;0,0011;1764002560;-1,7;0,9132;0,0020
Signature;GFLIGGTSGR;GFLIGGTSGR;482,764166;2;0;35077644;0,4;0,8517;0,0012;52900016;-0,7;0,9418;0,0004;391477856;-1,3;0,9523;0,0005;946136448;-1,5;0,9383;0,0046;2665062656;-1,2;0,9336;0,0035
Signature;GFTSEITVTSNGK;GFTSEITVTSNGK;670,838256;2;0;3576824;-1,7;0,9354;0,0066;1953748;-1,9;0,9193;0,0116;51036936;-2,2;0,9483;0,0005;25885170;-1,9;0,9492;0,0010;90045504;-1,3;0,9483;0,0003
Signature;GIEISVPFPR;GIEISVPFPR;557,816398;2;0;4592419;11,5;0,5148;0,1977;2323814;9,9;0,5206;0,2849;210146;15,8;0,5011;0,3198;2651453;8;0,5277;0,2807;2159440;6,5;0,563;0,3198
Signature;GIPANSISAEGR;GIPANSISAEGR;586,306926;2;0;1070095;6,4;0,5145;0,1684;1397294;8,3;0,5307;0,1682;2520568;4,8;0,5234;0,0726;2510721;3;0,5069;0,1239;7423554;4,3;0,552;0,0166
Signature;GITINTSHIEYETETR;GITINTSHIEYETETR;621,974283;3;0;1986747;-37,4;0,3559;0,2570;353559;35,2;0,5641;0,2864;1661289;-36,1;0,3633;0,2625;674202;37,5;0,4806;0,2402;13453055;-18,4;0,3763;0,2262
Signature;GTFANNVNELLGR;GTFANNVNELLGR;702,865139;2;0;117690;-29,3;0,4544;0,3444;1000101;-12,9;0,3811;0,3040;208356;-21,8;0,6128;0,2570;1341397;-12,4;0,4579;0,1644;2006842;-25,2;0,5533;0,1628
Signature;HHITADGFYR;HHITADGFYR;406,200111;3;0;3318948;-7,1;0,4305;0,2183;1572268;-3,6;0,4555;0,1916;3685589;-8,9;0,4409;0,2601;723969;34,5;0,4874;0,2667;876028;10,1;0,3749;0,1898
Signature;HQVVNDLPLGR;HQVVNDLPLGR;624,346386;2;0;1444056;-4,9;0,3161;0,2123;587280;-2,8;0,2616;0,3138;1255646;-3,5;0,2772;0,2542;148896;-15,8;0,4271;0,3359;1120621;28,8;0,4817;0,2033
Signature;IAAANVPAFTAGK;IAAANVPAFTAGK;615,845687;2;0;470980;-7,5;0,6079;0,1977;365483;-8,2;0,5744;0,2047;4254445;-3,3;0,4559;0,0760;8232602;-2,7;0,4662;0,0891;31894376;-2,5;0,4624;0,0865
Signature;IAAANVPAFVSGK;IAAANVPAFVSGK;622,853512;2;0;104289320;-1,8;0,9584;0,0002;97050032;-1,6;0,9574;0,0002;986252800;-2,1;0,9574;0,0000;758835264;-1,9;0,9602;0,0000;6512129024;-1,6;0,9599;0,0008
Signature;IAVEEIFDVK;IAVEEIFDVK;581,821346;2;0;250909;17,6;0,6844;0,2745;376395;22,5;0,5971;0,2351;87963;-2,2;0,6472;0,2406;91245;-26,4;0,5948;0,2630;94256;-16,3;0,486;0,3032
Signature;IEDQLGEVAEYR;IEDQLGEVAEYR;711,348988;2;0;1780995;-1,8;0,7692;0,0346;331567;8,8;0,7037;0,2269;2581141;-2,3;0,7781;0,0282;214581;3,4;0,6619;0,2889;1355555;-4,4;0,5905;0,1908
Signature;ILEVPVGR;ILEVPVGR;441,774002;2;0;35259076;-2;0,9176;0,0007;56675592;-2;0,9104;0,0004;372519360;-2,1;0,9152;0,0001;675217984;-1,8;0,9127;0,0015;2729581824;-1,4;0,9136;0,0096
Signature;ILPSIDNLER;ILPSIDNLER;585,32987;2;0;4817913;19,6;0,5104;0,1711;2038021;34,2;0,7184;0,1509;1496777;13,7;0,6728;0,2282;4416677;34,3;0,6261;0,2656;7693078;-2,1;0,7193;0,1019
Signature;IVIERPAK;IVIERPAK;463,295102;2;0;8901224;-1,5;0,9286;0,0017;9237230;-1,6;0,9221;0,0019;125709432;-2,3;0,9345;0,0001;161752144;-1,9;0,9296;0,0001;337225216;-1,6;0,9307;0,0000
Signature;IVSLAPEVL;IVSLAPEVL;470,789318;2;0;3088846;-1,4;0,8478;0,0147;2470992;-1,8;0,8495;0,0180;3740186;-2,5;0,872;0,0125;2627117;-1,7;0,8497;0,0169;3755479;-1,6;0,8511;0,0132
Signature;LADAIIEGR;LADAIIEGR;479,271824;2;0;2709302;-1,5;0,6709;0,0671;2257627;-2,2;0,5676;0,2136;2323465;-1,3;0,5226;0,1643;1501450;9,9;0,5875;0,2101;89160632;-2,2;0,3862;0,1307
Signature;LAIVPILR;LAIVPILR;447,810388;2;0;427862;-1,2;0,7905;0,1696;41553;-1,6;0,5097;0,3822;241876;-2;0,6736;0,2583;226075;-1,4;0,6876;0,2605;124244;-1,5;0,7611;0,3288
Signature;LAIVTTNSILSDLVK;LAIVTTNSILSDLVK;793,971813;2;0;11966;-8,4;0,4041;0,4165;14599;-12,7;0,294;0,4541;29773;8;0,3193;0,4219;19605;-21,1;0,4624;0,4012;10139087;-23,1;0,3572;0,3194
Signature;LALAPVDVR;LALAPVDVR;477,292559;2;0;9263409;-0,6;0,4011;0,1531;5314110;-0,4;0,4098;0,1725;5091609;-0,5;0,4036;0,1881;11904833;-0,8;0,4198;0,2689;1176560;-8,2;0,6209;0,1910
Signature;LATLPTYEEAIAR;LATLPTYEEAIAR;724,393198;2;0;34566572;-1,7;0,9131;0,0005;9616909;-2,4;0,8976;0,0022;288767424;-2,2;0,9121;0,0001;77144784;-2,1;0,9133;0,0002;444013440;-1,7;0,9163;0,0000
Signature;LFSEIAPR;LFSEIAPR;466,763634;2;0;7868583;-2,1;0,3797;0,1497;7559202;-2;0,3719;0,1177;3731209;21;0,5866;0,1604;1913418;21,5;0,5628;0,1394;2910119;14,1;0,7191;0,0781
Signature;LGIQAFEPVLVEGR;LGIQAFEPVLVEGR;764,430115;2;0;267255;-32,1;0,4907;0,3927;1602151;25,1;0,2676;0,4606;29285938;24,5;0,1873;0,2662;14140686;25,2;0,2014;0,3569;36733376;25,1;0,1852;0,1901
Signature;LGQDVVFPGVTR;LGQDVVFPGVTR;644,356419;2;0;441168;-20,7;0,6083;0,2462;103423;-5,1;0,5777;0,3909;828330;-10,8;0,6272;0,1833;242643;-9,8;0,5039;0,2476;1210584;-14,2;0,6762;0,2048
Signature;LLDLAAPDIIVR;LLDLAAPDIIVR;654,89792;2;0;2066933;-1,5;0,9761;0,0083;525010;-2;0,9644;0,0287;45840044;-2,6;0,9658;0,0005;10734740;-2,1;0,9625;0,0019;74962656;-1,5;0,9655;0,0003
Signature;LLVGSSSEYILR;LLVGSSSEYILR;668,877184;2;0;3033553;-2,3;0,9136;0,0080;1137550;-2,7;0,7784;0,0495;1861811;-1,7;0,8057;0,0610;1503714;-3,3;0,7942;0,0430;867197;-3,3;0,8371;0,0557
Signature;NAIIFSPHPR;NAIIFSPHPR;576,31964;2;0;32061104;-1,7;0,9025;0,0007;26323924;-1,7;0,9037;0,0009;256523936;-2,1;0,9022;0,0001;510585952;-2,1;0,9046;0,0000;1563102336;-1,9;0,9033;0,0001
Signature;NFLVPQGK;NFLVPQGK;451,758352;2;0;53718392;-1,4;0,8451;0,0009;110672688;-1,1;0,8463;0,0005;483457728;-1,3;0,8462;0,0182;970758144;-1,5;0,8459;0,0116;5699081728;-1,1;0,8458;0,0343
Signature;NVEWVVGVLR;NVEWVVGVLR;585,835122;2;0;170624;18,2;0,3175;0,3608;94910;0,1;0,3796;0,3423;110422;-22,1;0,3542;0,4038;331292;-18,9;0,3955;0,4192;392285;-16,5;0,4284;0,3413
Signature;NYTIGDVISR;NYTIGDVISR;569,29857;2;0;2822588;16,4;0,2265;0,2396;2691886;19,9;0,2539;0,2423;5028571;24,6;0,2579;0,2560;14714284;22;0,2785;0,2102;24119088;23,5;0,2457;0,2126
Signature;PIITDVYAR;PIITDVYAR;524,295299;2;0;12332063;29;0,6035;0,2301;9841802;29,6;0,5898;0,1025;7807058;29,6;0,5685;0,0977;12301552;29,4;0,5889;0,0717;1625001;17,1;0,5602;0,2365
Signature;PIITLPDGSQR;PIITLPDGSQR;598,835319;2;0;4390879;-19,6;0,1483;0,2821;2467320;-18,6;0,1483;0,3095;4658168;-19,2;0,1783;0,3034;1315210;21;0,3577;0,2545;5913256;-1,2;0,7909;0,0136
Signature;PVVSGAEFLK;PVVSGAEFLK;523,797674;2;0;20673600;10,3;0,3208;0,1852;890515;-18;0,5174;0,1818;24297728;10;0,3077;0,1595;1668777;-1,8;0,5276;0,2030;1327271;-1,7;0,5105;0,2529
Signature;QAVPLIQPR;QAVPLIQPR;511,311283;2;0;842236;-1,6;0,6683;0,1710;751046;-3,7;0,6257;0,2136;1057804;-42,6;0,5858;0,3179;2825599;-3,9;0,71;0,1015;4420465;-37,9;0,6253;0,1474
Signature;RPNTDELGLEELGLK;RPNTDELGLEELGLK;561,968581;3;0;13668679;-11,5;0,6605;0,0507;8705451;-12,1;0,6543;0,0693;6847549;-13,2;0,6274;0,0827;12115567;-12,4;0,6904;0,0150;20051376;-13,6;0,6485;0,0515
Signature;SADGQTVTGGSILYR;SADGQTVTGGSILYR;762,886269;2;0;852157;-29,5;0,6941;0,2031;1000555;-25,8;0,4919;0,2854;749988;-32,2;0,4611;0,2907;547698;-20;0,6884;0,3060;1938516;-0,4;0,5206;0,2008
Signature;SDVLFNFNK;SDVLFNFNK;542,277106;2;0;2804548;21,3;0,4813;0,1927;5934612;3;0,4012;0,0587;2317060;-22,4;0,4591;0,1867;14614084;3;0,5039;0,0218;4412557;5,8;0,4749;0,1373
Signature;SGADVSGPIPLPTEK;SGADVSGPIPLPTEK;734,388113;2;0;1046302;-32,9;0,5291;0,3245;1176797;8,3;0,6224;0,3634;368844;-32,8;0,3784;0,3536;2302350;-0,4;0,485;0,2538;1745788;-0,9;0,5619;0,3127
Signature;SGVLTGLPDAYGR;SGVLTGLPDAYGR;653,343509;2;0;33265580;-2;0,9293;0,0013;30205538;-2,1;0,9197;0,0019;378347488;-2,4;0,9068;0,0001;389657600;-2,2;0,9094;0,0001;1099493504;-1,7;0,9061;0,0003
Signature;SIITDIYAR;SIITDIYAR;526,292756;2;0;846500;-7,9;0,5319;0,2057;5293818;-24,6;0,4088;0,1867;1152325;-39,5;0,7069;0,2161;6230548;-23,2;0,4392;0,2041;9328936;-18;0,6418;0,1106
Signature;SQTVHFQGNPVSVQGTIPQAGAK;SQTVHFQGNPVSVQGTIPQAGAK;784,408262;3;0;991616;-30,6;0,4414;0,2976;8572490;32,5;0,1664;0,2723;1035780;-7,6;0,6363;0,3313;224214;-3,1;0,3954;0,2971;149346;-0,6;0,4799;0,3217
Signature;STAETIVYSALETLAQR;STAETIVYSALETLAQR;618,326545;3;0;115772;36,9;0,4517;0,2884;137924;37,4;0,4275;0,2889;90193;37,5;0,4201;0,2911;480516;36,3;0,4243;0,2962;87182;-1,9;0,8191;0,3324
Signature;SVEEILGK;SVEEILGK;437,74765;2;0;35129604;-1,2;0,8577;0,0776;90686824;-1,3;0,8548;0,0547;381401376;-1,2;0,8536;0,0183;1041321216;-0,9;0,857;0,0115;3450471936;-0,5;0,8543;0,0124
Signature;SVGELLQNQFR;SVGELLQNQFR;645,843676;2;0;3390730;-4,3;0,5484;0,2817;3728670;-4,9;0,4957;0,2470;3254619;-8,6;0,3746;0,2731;12292345;-4,8;0,5427;0,0709;11445866;-4,9;0,5404;0,0769
Signature;TGAQVAGPIPLPTER;TGAQVAGPIPLPTER;753,917372;2;0;36111572;-37,7;0,3898;0,1784;14693342;-37,7;0,3896;0,1665;7669975;-37,4;0,4167;0,0689;17691474;-32,4;0,3497;0,1628;86752312;-33,2;0,3549;0,0205
Signature;TLPGLASINDK;TLPGLASINDK;564,816595;2;0;613973;-20,1;0,4567;0,2282;999397;-19,1;0,5426;0,2132;1325232;8,8;0,4196;0,1895;1598917;-18,8;0,4936;0,1634;1634369;-21,8;0,5127;0,1534
Signature;TPEQLANIAR;TPEQLANIAR;556,806562;2;0;823732;22,3;0,5336;0,2304;22059196;-1,2;0,1898;0,2943;43812712;-1,7;0,1825;0,2120;21561946;-2,3;0,2213;0,2522;3560692;3;0,4087;0,1880
Signature;TSHITVVVTEK;TSHITVVVTEK;405,231077;3;0;2283195;-11,8;0,7475;0,0813;6968657;-10,6;0,7378;0,0146;28802344;-10,6;0,7387;0,0037;90700688;-10,2;0,7339;0,0013;395754560;-10,4;0,7291;0,0003
Signature;VAFNQAVDSVR;VAFNQAVDSVR;603,317294;2;0;6827944;17,9;0,4656;0,1543;6392148;17,7;0,5422;0,2290;5010549;21,4;0,4724;0,1285;4913622;18,5;0,4694;0,1430;5913240;-4,6;0,428;0,1463
Signature;VASLEGDVLGSYQHGAR;VASLEGDVLGSYQHGAR;586,96383;3;0;29265402;-12,6;0,2761;0,1957;51872272;-12,5;0,2683;0,1002;17892040;-13;0,2755;0,2176;3020662;32,4;0,7262;0,0874;18941976;-7,5;0,4772;0,2430
Signature;VEGTTPHTITGR;VEGTTPHTITGR;634,833308;2;0;114663;10,6;0,1807;0,3972;39175;-37,9;0,5512;0,3728;125000;-22,3;0,4569;0,3574;224608;-25,7;0,4847;0,3008;27167;-54,6;0,514;0,4480
Signature;VEISSDSHPFYTGR;VEISSDSHPFYTGR;797,878444;2;0;659506;-33,6;0,6341;0,2915;387974;-7,2;0,4546;0,3820;163804;3,2;0,4678;0,3249;825196;2,2;0,5393;0,2849;7149181;2,9;0,5058;0,2057
Signature;VGLIAGSGGGSPR;VGLIAGSGGGSPR;564,312011;2;0;15379056;-1,9;0,9242;0,0012;25783556;-2,2;0,9141;0,0008;167520576;-2;0,9232;0,0001;314261824;-2,2;0,924;0,0001;882603136;-2;0,9227;0,0000
Signature;VLVIPTDEELVIAR;VLVIPTDEELVIAR;783,958706;2;0;191288;-40,4;0,4403;0,3560;422292;-23,3;0,3126;0,4328;97588;-27,9;0,453;0,3776;40243;-7,2;0,5491;0,2800;1918283;-22,9;0,4892;0,2153
Signature;VSAENGVLTISGER;VSAENGVLTISGER;716,375537;2;0;4104959;22,1;0,5013;0,1817;1176204;-37;0,5054;0,2218;2513298;21,4;0,5141;0,2117;1754524;-9,7;0,4044;0,1711;4923227;-7,1;0,5904;0,1076
Signature;VTPGQVISVR;VTPGQVISVR;528,314023;2;0;860146;-12;0,3613;0,2982;8765856;15,3;0,3631;0,2652;16104847;19,7;0,3378;0,2381;6778086;-2,2;0,6835;0,1963;2061997;-7;0,724;0,2531
Signature;VVGQLGQILGPR;VVGQLGQILGPR;618,874779;2;0;3128499;-15,6;0,3893;0,1956;2691456;-15,1;0,4654;0,2424;11996718;-2,3;0,1445;0,1853;1945857;-16,4;0,5511;0,2041;3372708;0,6;0,7258;0,0917
Signature;VVGQLGQVLGPR;VVGQLGQVLGPR;611,866954;2;0;105284176;-1,8;0,9619;0,0002;131986224;-1,6;0,9639;0,0001;1470458624;-2,2;0,9603;0,0000;1752433792;-2;0,962;0,0000;7224659968;-1,8;0,962;0,0025
Signature;VVVGLLLGEVIR;VVVGLLLGEVIR;633,91083;2;0;12260214;-1,9;0,9258;0,0024;1310544;-1,3;0,8777;0,0802;157078784;-2,4;0,9304;0,0001;25511178;-2,3;0,9241;0,0010;201185712;-1,9;0,9315;0,0001
Signature;WYVIDAEGQTLGR;WYVIDAEGQTLGR;754,380622;2;0;4489465;13;0,4619;0,2963;5382616;21,1;0,4649;0,2518;229453;29,5;0,3351;0,3685;2550215;-4,1;0,6378;0,2587;343025;10;0,6294;0,2934
Signature;YRPNADILALTFDELTER;YRPNADILALTFDELTER;713,035654;3;0;2965675;7,4;0,4481;0,2847;641551;35,1;0,4614;0,2870;222800;1,1;0,4424;0,3366;101286;-11,8;0,4565;0,3158;485460;0;0,5776;0,3155
